TSE127,JLD20052,2021-03-01,ROSHAN LAL & CO
TSE127,JLD20221,2021-03-02,BALAJI TRADERS
TSE127,JLD20052,2021-03-03,ROSHAN LAL & CO
TSE127,JLD20069,2021-03-04,MINTU HW STORE
TSE127,JLD100187,2021-03-04,DEEPAK HW & PAINT STORE
TSE127,JLD20067,2021-03-04,BHAMBI PAINT & HW STORE
TSE127,JLD20046,2021-03-04,PUNJAB HW STORE
TSE127,JLD20223,2021-03-04,ARMAN ENTERPRISESS
TSE127,JLD20016,2021-03-05,BULHOWAL CEMENT CORPRATION
TSE127,JLD20028,2021-03-05,JOGINDER SINGH BALBIR SINGH
TSE127,JLD20003,2021-03-05,VISHAL PAINT STORE
TSE127,JLD20052,2021-03-06,ROSHAN LAL & CO
TSE127,JLD10048,2021-03-08,PARBHAKAR PAINT & LIME STORE
TSE127,JLD100183,2021-03-08,BHASIN PAINT & BUILDING MATERIALS
TSE127,JLD10072,2021-03-08,VISHAL PAINTS AND H/W STORE
TSE127,JLD100185,2021-03-08,RAJ PAINTS AND HARDWARE STORE
TSE127,JLD10036,2021-03-09,JOSHI ENTERPRISES
TSE127,JLD10065,2021-03-09,RASHPAL IRON &H/W STORE 
TSE127,JLD10034,2021-03-09,JAGAN NATH DHARAM CHAND
TSE127,JLD20052,2021-03-10,ROSHAN LAL & CO
TSE127,JLD20008,2021-03-11,ARORA ENTERPRISES
TSE127,JLD20222,2021-03-11,KULDEEP PAINTS & HW STORE
TSE127,JLD20066,2021-03-11,THAKUR HW & PAINTS STORE
TSE127,JLD20049,2021-03-11,RAJESH GUPTA 
TSE127,JLD20033,2021-03-12,KOCHAR HW STORE
TSE127,JLD20056,2021-03-12,SANJEEVANI CEMENT SANITARY HWSTORE
TSE127,JLD200191,2021-03-12,SHAMSHER SINGH  HARDWARE STORE
TSE127,JLD200192,2021-03-12,RAMAN HARDWARE STORE
TSE127,JLD20069,2021-03-13,MINTU HW STORE
TSE127,JLD100187,2021-03-13,DEEPAK HW & PAINT STORE
TSE127,JLD20067,2021-03-13,BHAMBI PAINT & HW STORE
TSE127,JLD20046,2021-03-13,PUNJAB HW STORE
TSE127,JLD20223,2021-03-13,ARMAN ENTERPRISESS
TSE127,JLD20054,2021-03-15,S.B.TRADING CO
TSE127,JLD20062,2021-03-15,SHARMA PAINTS & HW STORE
TSE127,JLD20221,2021-03-16,BALAJI TRADERS
TSE127,JLD20052,2021-03-17,ROSHAN LAL & CO
TSE127,JLD20016,2021-03-18,BULHOWAL CEMENT CORPRATION
TSE127,JLD20028,2021-03-18,JOGINDER SINGH BALBIR SINGH
TSE127,JLD20003,2021-03-18,VISHAL PAINT STORE
TSE127,JLD20008,2021-03-19,ARORA ENTERPRISES
TSE127,JLD20222,2021-03-19,KULDEEP PAINTS & HW STORE
TSE127,JLD20066,2021-03-19,THAKUR HW & PAINTS STORE
TSE127,JLD20049,2021-03-19,RAJESH GUPTA 
TSE127,JLD20052,2021-03-20,ROSHAN LAL & CO
TSE127,JLD20069,2021-03-22,MINTU HW STORE
TSE127,JLD100187,2021-03-22,DEEPAK HW & PAINT STORE
TSE127,JLD20067,2021-03-22,BHAMBI PAINT & HW STORE
TSE127,JLD20046,2021-03-22,PUNJAB HW STORE
TSE127,JLD20223,2021-03-22,ARMAN ENTERPRISESS
TSE127,JLD10048,2021-03-23,PARBHAKAR PAINT & LIME STORE
TSE127,JLD100183,2021-03-23,BHASIN PAINT & BUILDING MATERIALS
TSE127,JLD10072,2021-03-23,VISHAL PAINTS AND H/W STORE
TSE127,JLD100185,2021-03-23,RAJ PAINTS AND HARDWARE STORE
TSE127,JLD20052,2021-03-24,ROSHAN LAL & CO
TSE127,JLD20033,2021-03-25,KOCHAR HW STORE
TSE127,JLD20056,2021-03-25,SANJEEVANI CEMENT SANITARY HWSTORE
TSE127,JLD200191,2021-03-25,SHAMSHER SINGH  HARDWARE STORE
TSE127,JLD200192,2021-03-25,RAMAN HARDWARE STORE
TSE127,JLD10036,2021-03-26,JOSHI ENTERPRISES
TSE127,JLD10065,2021-03-26,RASHPAL IRON &H/W STORE 
TSE127,JLD10034,2021-03-26,JAGAN NATH DHARAM CHAND
TSE127,JLD20052,2021-03-27,ROSHAN LAL & CO
TSE127,JLD20069,2021-03-30,MINTU HW STORE
TSE127,JLD100187,2021-03-30,DEEPAK HW & PAINT STORE
TSE127,JLD20067,2021-03-30,BHAMBI PAINT & HW STORE
TSE127,JLD20046,2021-03-30,PUNJAB HW STORE
TSE127,JLD20223,2021-03-30,ARMAN ENTERPRISESS
TSE127,,2021-03-31,JALANDHAR OFFICE
,,,
,,,
,,,
,,,
,,,
,,,
,,,
,,,
,,,
,,,
,,,
,,,
,,,
,,,
,,,
,,,
,,,
,,,
,,,
,,,
,,,
,,,
,,,
,,,
,,,
,,,
,,,
,,,
,,,
,,,
,,,